URL,Last crawled
https://baker.is/ngrok-on-osx/,2026-01-01
https://baker.is/blog/,2025-12-21
https://baker.is/tags/Socket.IO/,2025-12-19
https://baker.is/tags/Shell/,2025-12-18
https://baker.is/tags/Accessibility/,2025-12-18
https://baker.is/tags/Real-Time/,2025-12-18
https://baker.is/tags/Spotify API/,2025-12-18
https://baker.is/jbpm-installation-setup-osx/,2025-12-13
https://baker.is/tags/CLI/,2025-12-11
http://baker.is/blog/,2025-12-04
http://baker.is/blog,2025-12-03
https://baker.is/blog,2025-12-03
https://baker.is/tags/BusyTag/,2025-12-03
https://baker.is/tags/node/,2025-11-30
https://baker.is/tags/Infrastructure/,2025-11-28
https://baker.is/tags/Design/,2025-11-28
https://baker.is/tags/Node.js/,2025-11-28
https://baker.is/tags/UX/,2025-11-28
https://baker.is/jbpm-installation-setup-osx,2025-11-23
https://baker.is/tags/Tailwind CSS/,2025-10-30
https://baker.is/tags/Vite/,2025-10-30
https://baker.is/tags/Go/,2025-10-30
https://baker.is/tags/Image Optimization/,2025-10-30
https://baker.is/tags/Logging/,2025-10-23
https://baker.is/tags/Developer Experience/,2025-10-23
https://baker.is/tags/Migration/,2025-10-22
https://baker.is/tags/DevOps/,2025-10-22
https://baker.is/tags/CI/CD/,2025-10-22
https://baker.is/tags/Hosting/,2025-10-22
https://baker.is/tags/Docker/,2025-10-22
https://baker.is/tags/JavaScript/,2025-10-21
https://baker.is/tags/React/,2025-10-18
https://baker.is/tags/Astro/,2025-10-14
https://baker.is/tags/ContextAPI/,2025-10-05
https://baker.is/tags/next.js/,2025-10-03
https://baker.is/tags/ReactJS/,2025-10-02
https://baker.is/zero-day/,2025-10-02
http://baker.is/fun-code-snippets,2025-10-01
https://baker.is/bash-script-test-merge-conflicts,2025-09-22
https://baker.is/posts/jbpm-installation-setup-osx/developer.apple.com/downloads,2025-09-20
https://baker.is/posts/examples/tailwind-typography,2025-09-19
https://baker.is/tags/API/,2025-09-19
https://baker.is/tags/Python/,2025-09-19
https://baker.is/tags/TypeScript/,2025-09-19
https://baker.is/tags/YouTube/,2025-09-19